STATION,STATION_NAME,DATE,DLY-TAVG-NORMAL,DLY-DUTR-NORMAL,DLY-TMAX-NORMAL,DLY-TMIN-NORMAL,DLY-TAVG-STDDEV,DLY-DUTR-STDDEV,DLY-TMAX-STDDEV,DLY-TMIN-STDDEV
GHCND:USC00427606,SALT LAKE TRIAD CENTER UT US,20100101,31.9,12,37.9,25.9,8.3,4.4,8.9,8.2
GHCND:USC00427606,SALT LAKE TRIAD CENTER UT US,20100102,31.9,12,37.9,25.9,8.3,4.4,8.9,8.2
GHCND:USC00427606,SALT LAKE TRIAD CENTER UT US,20100103,31.9,12,37.9,25.9,8.3,4.4,9,8.3
GHCND:USC00427606,SALT LAKE TRIAD CENTER UT US,20100104,31.9,12,37.9,25.9,8.4,4.5,9,8.3
GHCND:USC00427606,SALT LAKE TRIAD CENTER UT US,20100105,31.9,11.9,37.9,25.9,8.4,4.5,9.1,8.3
GHCND:USC00427606,SALT LAKE TRIAD CENTER UT US,20100106,31.9,11.9,37.9,26,8.4,4.6,9.1,8.3
GHCND:USC00427606,SALT LAKE TRIAD CENTER UT US,20100107,31.9,11.9,37.9,26,8.4,4.6,9.1,8.3
GHCND:USC00427606,SALT LAKE TRIAD CENTER UT US,20100108,31.9,11.9,37.9,26,8.4,4.6,9.1,8.3
GHCND:USC00427606,SALT LAKE TRIAD CENTER UT US,20100109,32,11.9,37.9,26,8.4,4.6,9.1,8.3
GHCND:USC00427606,SALT LAKE TRIAD CENTER UT US,20100110,32,11.9,37.9,26.1,8.3,4.6,9.1,8.2
GHCND:USC00427606,SALT LAKE TRIAD CENTER UT US,20100111,32,11.8,37.9,26.1,8.3,4.6,9.1,8.2
GHCND:USC00427606,SALT LAKE TRIAD CENTER UT US,20100112,32,11.8,38,26.1,8.2,4.7,9,8.1
GHCND:USC00427606,SALT LAKE TRIAD CENTER UT US,20100113,32.1,11.8,38,26.2,8.2,4.7,9,8.1
GHCND:USC00427606,SALT LAKE TRIAD CENTER UT US,20100114,32.1,11.8,38,26.2,8.2,4.7,9,8.1
GHCND:USC00427606,SALT LAKE TRIAD CENTER UT US,20100115,32.2,11.8,38.1,26.3,8.2,4.7,9,8
GHCND:USC00427606,SALT LAKE TRIAD CENTER UT US,20100116,32.2,11.8,38.1,26.3,8.2,4.7,9,8
GHCND:USC00427606,SALT LAKE TRIAD CENTER UT US,20100117,32.3,11.8,38.2,26.4,8.2,4.7,9,8
GHCND:USC00427606,SALT LAKE TRIAD CENTER UT US,20100118,32.4,11.8,38.3,26.4,8.2,4.7,9,8
GHCND:USC00427606,SALT LAKE TRIAD CENTER UT US,20100119,32.4,11.8,38.3,26.5,8.2,4.7,9,8
GHCND:USC00427606,SALT LAKE TRIAD CENTER UT US,20100120,32.5,11.8,38.4,26.6,8.2,4.7,9,8
GHCND:USC00427606,SALT LAKE TRIAD CENTER UT US,20100121,32.6,11.9,38.5,26.7,8.2,4.7,9,8
GHCND:USC00427606,SALT LAKE TRIAD CENTER UT US,20100122,32.7,11.9,38.6,26.7,8.2,4.7,9,8
GHCND:USC00427606,SALT LAKE TRIAD CENTER UT US,20100123,32.8,11.9,38.7,26.8,8.2,4.7,9,8.1
GHCND:USC00427606,SALT LAKE TRIAD CENTER UT US,20100124,32.9,11.9,38.8,26.9,8.2,4.6,9,8.1
GHCND:USC00427606,SALT LAKE TRIAD CENTER UT US,20100125,33,11.9,38.9,27,8.2,4.6,9,8.1
GHCND:USC00427606,SALT LAKE TRIAD CENTER UT US,20100126,33.1,11.9,39.1,27.1,8.3,4.6,9,8.1
GHCND:USC00427606,SALT LAKE TRIAD CENTER UT US,20100127,33.2,11.9,39.2,27.2,8.3,4.6,9,8.2
GHCND:USC00427606,SALT LAKE TRIAD CENTER UT US,20100128,33.4,12,39.3,27.4,8.3,4.6,9,8.2
GHCND:USC00427606,SALT LAKE TRIAD CENTER UT US,20100129,33.5,12,39.5,27.5,8.3,4.5,9,8.2
GHCND:USC00427606,SALT LAKE TRIAD CENTER UT US,20100130,33.6,12,39.7,27.6,8.3,4.5,9,8.2
GHCND:USC00427606,SALT LAKE TRIAD CENTER UT US,20100131,33.8,12,39.8,27.8,8.3,4.5,9,8.2
GHCND:USC00427606,SALT LAKE TRIAD CENTER UT US,20100201,34,12.1,40,27.9,8.3,4.5,9,8.2
GHCND:USC00427606,SALT LAKE TRIAD CENTER UT US,20100202,34.2,12.1,40.2,28.1,8.3,4.4,9,8.2
GHCND:USC00427606,SALT LAKE TRIAD CENTER UT US,20100203,34.3,12.1,40.4,28.3,8.3,4.4,8.9,8.1
GHCND:USC00427606,SALT LAKE TRIAD CENTER UT US,20100204,34.5,12.2,40.6,28.5,8.2,4.4,8.9,8.1
GHCND:USC00427606,SALT LAKE TRIAD CENTER UT US,20100205,34.7,12.2,40.8,28.7,8.2,4.4,8.9,8.1
GHCND:USC00427606,SALT LAKE TRIAD CENTER UT US,20100206,35,12.2,41.1,28.9,8.2,4.3,8.9,8.1
GHCND:USC00427606,SALT LAKE TRIAD CENTER UT US,20100207,35.2,12.3,41.3,29.1,8.2,4.3,8.9,8.1
GHCND:USC00427606,SALT LAKE TRIAD CENTER UT US,20100208,35.4,12.3,41.6,29.3,8.3,4.3,8.9,8.1
GHCND:USC00427606,SALT LAKE TRIAD CENTER UT US,20100209,35.7,12.3,41.8,29.5,8.3,4.3,8.9,8.1
GHCND:USC00427606,SALT LAKE TRIAD CENTER UT US,20100210,35.9,12.4,42.1,29.7,8.3,4.3,9,8.1
GHCND:USC00427606,SALT LAKE TRIAD CENTER UT US,20100211,36.2,12.4,42.4,30,8.3,4.3,9,8
GHCND:USC00427606,SALT LAKE TRIAD CENTER UT US,20100212,36.4,12.5,42.7,30.2,8.3,4.3,9,8
GHCND:USC00427606,SALT LAKE TRIAD CENTER UT US,20100213,36.7,12.5,43,30.5,8.3,4.3,9,8
GHCND:USC00427606,SALT LAKE TRIAD CENTER UT US,20100214,37,12.6,43.3,30.7,8.3,4.3,9,8
GHCND:USC00427606,SALT LAKE TRIAD CENTER UT US,20100215,37.3,12.6,43.6,31,8.3,4.3,9,8
GHCND:USC00427606,SALT LAKE TRIAD CENTER UT US,20100216,37.6,12.7,43.9,31.2,8.2,4.3,9,7.9
GHCND:USC00427606,SALT LAKE TRIAD CENTER UT US,20100217,37.9,12.8,44.3,31.5,8.2,4.3,9,7.9
GHCND:USC00427606,SALT LAKE TRIAD CENTER UT US,20100218,38.2,12.8,44.6,31.8,8.2,4.4,9,7.8
GHCND:USC00427606,SALT LAKE TRIAD CENTER UT US,20100219,38.5,12.9,45,32.1,8.2,4.4,9,7.8
GHCND:USC00427606,SALT LAKE TRIAD CENTER UT US,20100220,38.8,13,45.3,32.3,8.1,4.4,9,7.8
GHCND:USC00427606,SALT LAKE TRIAD CENTER UT US,20100221,39.1,13,45.7,32.6,8.1,4.5,9,7.7
GHCND:USC00427606,SALT LAKE TRIAD CENTER UT US,20100222,39.5,13.1,46,32.9,8.1,4.5,9,7.7
GHCND:USC00427606,SALT LAKE TRIAD CENTER UT US,20100223,39.8,13.2,46.4,33.2,8,4.6,9,7.6
GHCND:USC00427606,SALT LAKE TRIAD CENTER UT US,20100224,40.1,13.3,46.8,33.5,8,4.6,9,7.6
GHCND:USC00427606,SALT LAKE TRIAD CENTER UT US,20100225,40.4,13.4,47.1,33.7,7.9,4.7,8.9,7.5
GHCND:USC00427606,SALT LAKE TRIAD CENTER UT US,20100226,40.8,13.5,47.5,34,7.9,4.7,8.9,7.4
GHCND:USC00427606,SALT LAKE TRIAD CENTER UT US,20100227,41.1,13.6,47.9,34.3,7.8,4.8,8.9,7.4
GHCND:USC00427606,SALT LAKE TRIAD CENTER UT US,20100228,41.4,13.7,48.2,34.6,7.8,4.8,8.9,7.3
GHCND:USC00427606,SALT LAKE TRIAD CENTER UT US,20100301,41.7,13.8,48.6,34.8,7.8,4.9,8.9,7.3
GHCND:USC00427606,SALT LAKE TRIAD CENTER UT US,20100302,42,13.9,49,35.1,7.8,4.9,8.9,7.2
GHCND:USC00427606,SALT LAKE TRIAD CENTER UT US,20100303,42.3,14,49.3,35.4,7.8,5,9,7.2
GHCND:USC00427606,SALT LAKE TRIAD CENTER UT US,20100304,42.7,14.1,49.7,35.6,7.8,5,9,7.2
GHCND:USC00427606,SALT LAKE TRIAD CENTER UT US,20100305,43,14.2,50.1,35.8,7.8,5.1,9,7.2
GHCND:USC00427606,SALT LAKE TRIAD CENTER UT US,20100306,43.3,14.3,50.4,36.1,7.7,5.1,9,7.1
GHCND:USC00427606,SALT LAKE TRIAD CENTER UT US,20100307,43.6,14.5,50.8,36.3,7.7,5.1,9,7.1
GHCND:USC00427606,SALT LAKE TRIAD CENTER UT US,20100308,43.8,14.6,51.1,36.5,7.7,5.2,9,7.1
GHCND:USC00427606,SALT LAKE TRIAD CENTER UT US,20100309,44.1,14.7,51.5,36.8,7.7,5.2,9,7
GHCND:USC00427606,SALT LAKE TRIAD CENTER UT US,20100310,44.4,14.9,51.8,37,7.6,5.2,9,7
GHCND:USC00427606,SALT LAKE TRIAD CENTER UT US,20100311,44.7,15,52.2,37.2,7.6,5.3,9,7
GHCND:USC00427606,SALT LAKE TRIAD CENTER UT US,20100312,44.9,15.1,52.5,37.4,7.6,5.3,9,7
GHCND:USC00427606,SALT LAKE TRIAD CENTER UT US,20100313,45.2,15.3,52.8,37.5,7.6,5.3,9,6.9
GHCND:USC00427606,SALT LAKE TRIAD CENTER UT US,20100314,45.4,15.4,53.1,37.7,7.6,5.3,9,6.9
GHCND:USC00427606,SALT LAKE TRIAD CENTER UT US,20100315,45.7,15.6,53.4,37.9,7.6,5.3,9,6.9
GHCND:USC00427606,SALT LAKE TRIAD CENTER UT US,20100316,45.9,15.7,53.7,38,7.5,5.3,9,6.9
GHCND:USC00427606,SALT LAKE TRIAD CENTER UT US,20100317,46.1,15.8,54,38.2,7.5,5.3,8.9,6.8
GHCND:USC00427606,SALT LAKE TRIAD CENTER UT US,20100318,46.3,16,54.3,38.4,7.5,5.3,8.9,6.8
GHCND:USC00427606,SALT LAKE TRIAD CENTER UT US,20100319,46.6,16.1,54.6,38.5,7.5,5.3,8.9,6.8
GHCND:USC00427606,SALT LAKE TRIAD CENTER UT US,20100320,46.8,16.3,54.9,38.6,7.4,5.3,8.9,6.7
GHCND:USC00427606,SALT LAKE TRIAD CENTER UT US,20100321,47,16.4,55.2,38.8,7.4,5.3,8.9,6.7
GHCND:USC00427606,SALT LAKE TRIAD CENTER UT US,20100322,47.2,16.5,55.4,38.9,7.4,5.3,8.8,6.7
GHCND:USC00427606,SALT LAKE TRIAD CENTER UT US,20100323,47.4,16.7,55.7,39,7.4,5.3,8.9,6.7
GHCND:USC00427606,SALT LAKE TRIAD CENTER UT US,20100324,47.5,16.8,55.9,39.1,7.4,5.3,8.9,6.7
GHCND:USC00427606,SALT LAKE TRIAD CENTER UT US,20100325,47.7,16.9,56.2,39.3,7.4,5.3,8.9,6.7
GHCND:USC00427606,SALT LAKE TRIAD CENTER UT US,20100326,47.9,17.1,56.4,39.4,7.4,5.3,8.9,6.7
GHCND:USC00427606,SALT LAKE TRIAD CENTER UT US,20100327,48.1,17.2,56.7,39.5,7.4,5.3,8.9,6.8
GHCND:USC00427606,SALT LAKE TRIAD CENTER UT US,20100328,48.3,17.3,56.9,39.6,7.5,5.3,8.9,6.8
GHCND:USC00427606,SALT LAKE TRIAD CENTER UT US,20100329,48.4,17.4,57.1,39.7,7.5,5.3,9,6.8
GHCND:USC00427606,SALT LAKE TRIAD CENTER UT US,20100330,48.6,17.5,57.4,39.8,7.5,5.2,9,6.9
GHCND:USC00427606,SALT LAKE TRIAD CENTER UT US,20100331,48.8,17.6,57.6,40,7.6,5.2,9,6.9
GHCND:USC00427606,SALT LAKE TRIAD CENTER UT US,20100401,48.9,17.8,57.8,40.1,7.6,5.2,9.1,7
GHCND:USC00427606,SALT LAKE TRIAD CENTER UT US,20100402,49.1,17.9,58,40.2,7.6,5.2,9.1,7
GHCND:USC00427606,SALT LAKE TRIAD CENTER UT US,20100403,49.3,17.9,58.3,40.3,7.7,5.3,9.2,7.1
GHCND:USC00427606,SALT LAKE TRIAD CENTER UT US,20100404,49.5,18,58.5,40.5,7.7,5.3,9.2,7.1
GHCND:USC00427606,SALT LAKE TRIAD CENTER UT US,20100405,49.7,18.1,58.7,40.6,7.8,5.3,9.2,7.1
GHCND:USC00427606,SALT LAKE TRIAD CENTER UT US,20100406,49.8,18.2,58.9,40.7,7.8,5.3,9.3,7.2
GHCND:USC00427606,SALT LAKE TRIAD CENTER UT US,20100407,50,18.3,59.2,40.9,7.9,5.3,9.3,7.2
GHCND:USC00427606,SALT LAKE TRIAD CENTER UT US,20100408,50.2,18.3,59.4,41.1,7.9,5.3,9.4,7.2
GHCND:USC00427606,SALT LAKE TRIAD CENTER UT US,20100409,50.4,18.4,59.6,41.2,7.9,5.3,9.4,7.3
GHCND:USC00427606,SALT LAKE TRIAD CENTER UT US,20100410,50.6,18.5,59.9,41.4,8,5.3,9.5,7.3
GHCND:USC00427606,SALT LAKE TRIAD CENTER UT US,20100411,50.8,18.5,60.1,41.6,8,5.3,9.5,7.4
GHCND:USC00427606,SALT LAKE TRIAD CENTER UT US,20100412,51.1,18.6,60.3,41.8,8.1,5.3,9.5,7.4
GHCND:USC00427606,SALT LAKE TRIAD CENTER UT US,20100413,51.3,18.6,60.6,42,8.1,5.3,9.6,7.5
GHCND:USC00427606,SALT LAKE TRIAD CENTER UT US,20100414,51.5,18.7,60.8,42.2,8.2,5.3,9.6,7.5
GHCND:USC00427606,SALT LAKE TRIAD CENTER UT US,20100415,51.7,18.7,61.1,42.4,8.2,5.3,9.7,7.5
GHCND:USC00427606,SALT LAKE TRIAD CENTER UT US,20100416,52,18.7,61.4,42.6,8.2,5.3,9.7,7.6
GHCND:USC00427606,SALT LAKE TRIAD CENTER UT US,20100417,52.2,18.8,61.6,42.8,8.3,5.4,9.8,7.6
GHCND:USC00427606,SALT LAKE TRIAD CENTER UT US,20100418,52.5,18.8,61.9,43.1,8.3,5.4,9.8,7.6
GHCND:USC00427606,SALT LAKE TRIAD CENTER UT US,20100419,52.7,18.8,62.2,43.3,8.4,5.4,9.9,7.7
GHCND:USC00427606,SALT LAKE TRIAD CENTER UT US,20100420,53,18.8,62.4,43.6,8.4,5.4,9.9,7.7
GHCND:USC00427606,SALT LAKE TRIAD CENTER UT US,20100421,53.3,18.9,62.7,43.9,8.5,5.4,10,7.7
GHCND:USC00427606,SALT LAKE TRIAD CENTER UT US,20100422,53.6,18.9,63,44.1,8.5,5.4,10,7.8
GHCND:USC00427606,SALT LAKE TRIAD CENTER UT US,20100423,53.9,18.9,63.3,44.4,8.5,5.4,10,7.8
GHCND:USC00427606,SALT LAKE TRIAD CENTER UT US,20100424,54.2,18.9,63.6,44.7,8.6,5.4,10,7.8
GHCND:USC00427606,SALT LAKE TRIAD CENTER UT US,20100425,54.5,18.9,63.9,45,8.6,5.4,10.1,7.8
GHCND:USC00427606,SALT LAKE TRIAD CENTER UT US,20100426,54.8,19,64.3,45.3,8.6,5.4,10.1,7.8
GHCND:USC00427606,SALT LAKE TRIAD CENTER UT US,20100427,55.1,19,64.6,45.6,8.6,5.4,10.1,7.8
GHCND:USC00427606,SALT LAKE TRIAD CENTER UT US,20100428,55.4,19,64.9,45.9,8.6,5.4,10.1,7.8
GHCND:USC00427606,SALT LAKE TRIAD CENTER UT US,20100429,55.7,19,65.2,46.2,8.6,5.4,10.1,7.8
GHCND:USC00427606,SALT LAKE TRIAD CENTER UT US,20100430,56.1,19,65.6,46.5,8.6,5.4,10,7.7
GHCND:USC00427606,SALT LAKE TRIAD CENTER UT US,20100501,56.4,19,65.9,46.9,8.5,5.3,10,7.7
GHCND:USC00427606,SALT LAKE TRIAD CENTER UT US,20100502,56.7,19.1,66.3,47.2,8.5,5.3,10,7.7
GHCND:USC00427606,SALT LAKE TRIAD CENTER UT US,20100503,57.1,19.1,66.6,47.5,8.5,5.3,9.9,7.6
GHCND:USC00427606,SALT LAKE TRIAD CENTER UT US,20100504,57.4,19.1,67,47.8,8.4,5.2,9.9,7.6
GHCND:USC00427606,SALT LAKE TRIAD CENTER UT US,20100505,57.7,19.1,67.3,48.2,8.4,5.2,9.8,7.6
GHCND:USC00427606,SALT LAKE TRIAD CENTER UT US,20100506,58.1,19.2,67.7,48.5,8.4,5.2,9.8,7.6
GHCND:USC00427606,SALT LAKE TRIAD CENTER UT US,20100507,58.4,19.2,68,48.8,8.3,5.1,9.7,7.6
GHCND:USC00427606,SALT LAKE TRIAD CENTER UT US,20100508,58.8,19.2,68.4,49.2,8.3,5.1,9.6,7.5
GHCND:USC00427606,SALT LAKE TRIAD CENTER UT US,20100509,59.1,19.3,68.8,49.5,8.2,5.1,9.6,7.5
GHCND:USC00427606,SALT LAKE TRIAD CENTER UT US,20100510,59.5,19.3,69.1,49.8,8.2,5.1,9.5,7.5
GHCND:USC00427606,SALT LAKE TRIAD CENTER UT US,20100511,59.8,19.4,69.5,50.2,8.1,5.1,9.4,7.4
GHCND:USC00427606,SALT LAKE TRIAD CENTER UT US,20100512,60.2,19.4,69.9,50.5,8.1,5,9.3,7.4
GHCND:USC00427606,SALT LAKE TRIAD CENTER UT US,20100513,60.5,19.5,70.3,50.8,8,5,9.3,7.3
GHCND:USC00427606,SALT LAKE TRIAD CENTER UT US,20100514,60.9,19.5,70.6,51.1,8,5,9.2,7.3
GHCND:USC00427606,SALT LAKE TRIAD CENTER UT US,20100515,61.2,19.6,71,51.4,7.9,5,9.2,7.3
GHCND:USC00427606,SALT LAKE TRIAD CENTER UT US,20100516,61.6,19.6,71.4,51.8,7.9,5,9.1,7.3
GHCND:USC00427606,SALT LAKE TRIAD CENTER UT US,20100517,61.9,19.7,71.8,52.1,7.8,4.9,9.1,7.2
GHCND:USC00427606,SALT LAKE TRIAD CENTER UT US,20100518,62.3,19.7,72.1,52.4,7.8,4.9,9,7.2
GHCND:USC00427606,SALT LAKE TRIAD CENTER UT US,20100519,62.6,19.8,72.5,52.7,7.7,4.9,9,7.1
GHCND:USC00427606,SALT LAKE TRIAD CENTER UT US,20100520,63,19.9,72.9,53,7.7,4.9,8.9,7.1
GHCND:USC00427606,SALT LAKE TRIAD CENTER UT US,20100521,63.3,19.9,73.3,53.3,7.6,4.9,8.8,7.1
GHCND:USC00427606,SALT LAKE TRIAD CENTER UT US,20100522,63.6,20,73.6,53.6,7.6,4.9,8.8,7
GHCND:USC00427606,SALT LAKE TRIAD CENTER UT US,20100523,64,20.1,74,53.9,7.5,4.9,8.7,7
GHCND:USC00427606,SALT LAKE TRIAD CENTER UT US,20100524,64.3,20.1,74.4,54.2,7.5,4.9,8.7,7
GHCND:USC00427606,SALT LAKE TRIAD CENTER UT US,20100525,64.6,20.2,74.8,54.5,7.4,4.9,8.6,6.9
GHCND:USC00427606,SALT LAKE TRIAD CENTER UT US,20100526,65,20.3,75.1,54.8,7.4,4.8,8.6,6.9
GHCND:USC00427606,SALT LAKE TRIAD CENTER UT US,20100527,65.3,20.3,75.5,55.1,7.4,4.9,8.5,6.9
GHCND:USC00427606,SALT LAKE TRIAD CENTER UT US,20100528,65.7,20.4,75.9,55.4,7.3,4.9,8.5,6.9
GHCND:USC00427606,SALT LAKE TRIAD CENTER UT US,20100529,66,20.5,76.2,55.7,7.3,4.9,8.5,6.9
GHCND:USC00427606,SALT LAKE TRIAD CENTER UT US,20100530,66.3,20.5,76.6,56,7.3,4.9,8.5,6.9
GHCND:USC00427606,SALT LAKE TRIAD CENTER UT US,20100531,66.7,20.6,77,56.3,7.3,4.9,8.5,6.8
GHCND:USC00427606,SALT LAKE TRIAD CENTER UT US,20100601,67,20.7,77.3,56.6,7.3,4.9,8.4,6.8
GHCND:USC00427606,SALT LAKE TRIAD CENTER UT US,20100602,67.3,20.7,77.7,57,7.2,4.9,8.4,6.8
GHCND:USC00427606,SALT LAKE TRIAD CENTER UT US,20100603,67.6,20.8,78,57.3,7.2,5,8.4,6.8
GHCND:USC00427606,SALT LAKE TRIAD CENTER UT US,20100604,68,20.8,78.4,57.6,7.2,5,8.4,6.8
GHCND:USC00427606,SALT LAKE TRIAD CENTER UT US,20100605,68.3,20.9,78.8,57.9,7.2,5,8.4,6.8
GHCND:USC00427606,SALT LAKE TRIAD CENTER UT US,20100606,68.6,20.9,79.1,58.2,7.2,5,8.4,6.8
GHCND:USC00427606,SALT LAKE TRIAD CENTER UT US,20100607,69,21,79.5,58.5,7.2,5,8.4,6.8
GHCND:USC00427606,SALT LAKE TRIAD CENTER UT US,20100608,69.3,21,79.8,58.8,7.2,5,8.5,6.8
GHCND:USC00427606,SALT LAKE TRIAD CENTER UT US,20100609,69.6,21.1,80.2,59.1,7.2,5,8.5,6.8
GHCND:USC00427606,SALT LAKE TRIAD CENTER UT US,20100610,70,21.1,80.5,59.4,7.2,5,8.4,6.8
GHCND:USC00427606,SALT LAKE TRIAD CENTER UT US,20100611,70.3,21.2,80.9,59.7,7.2,5,8.4,6.8
GHCND:USC00427606,SALT LAKE TRIAD CENTER UT US,20100612,70.7,21.2,81.2,60.1,7.2,5,8.4,6.8
GHCND:USC00427606,SALT LAKE TRIAD CENTER UT US,20100613,71,21.2,81.6,60.4,7.2,5,8.4,6.8
GHCND:USC00427606,SALT LAKE TRIAD CENTER UT US,20100614,71.3,21.2,81.9,60.7,7.1,5,8.4,6.8
GHCND:USC00427606,SALT LAKE TRIAD CENTER UT US,20100615,71.7,21.3,82.3,61,7.1,5,8.3,6.8
GHCND:USC00427606,SALT LAKE TRIAD CENTER UT US,20100616,72,21.3,82.6,61.3,7.1,5,8.3,6.8
GHCND:USC00427606,SALT LAKE TRIAD CENTER UT US,20100617,72.3,21.3,83,61.7,7.1,4.9,8.2,6.8
GHCND:USC00427606,SALT LAKE TRIAD CENTER UT US,20100618,72.7,21.3,83.3,62,7,4.9,8.2,6.8
GHCND:USC00427606,SALT LAKE TRIAD CENTER UT US,20100619,73,21.4,83.7,62.3,7,4.9,8.1,6.8
GHCND:USC00427606,SALT LAKE TRIAD CENTER UT US,20100620,73.3,21.4,84,62.6,7,4.8,8,6.7
GHCND:USC00427606,SALT LAKE TRIAD CENTER UT US,20100621,73.7,21.4,84.3,63,6.9,4.8,8,6.7
GHCND:USC00427606,SALT LAKE TRIAD CENTER UT US,20100622,74,21.4,84.7,63.3,6.9,4.8,7.9,6.7
GHCND:USC00427606,SALT LAKE TRIAD CENTER UT US,20100623,74.3,21.4,85,63.6,6.8,4.7,7.8,6.6
GHCND:USC00427606,SALT LAKE TRIAD CENTER UT US,20100624,74.6,21.4,85.3,63.9,6.8,4.7,7.7,6.6
GHCND:USC00427606,SALT LAKE TRIAD CENTER UT US,20100625,75,21.4,85.7,64.2,6.7,4.6,7.7,6.6
GHCND:USC00427606,SALT LAKE TRIAD CENTER UT US,20100626,75.3,21.4,86,64.6,6.6,4.6,7.6,6.5
GHCND:USC00427606,SALT LAKE TRIAD CENTER UT US,20100627,75.6,21.4,86.3,64.9,6.6,4.5,7.5,6.4
GHCND:USC00427606,SALT LAKE TRIAD CENTER UT US,20100628,75.9,21.4,86.6,65.2,6.5,4.5,7.4,6.4
GHCND:USC00427606,SALT LAKE TRIAD CENTER UT US,20100629,76.2,21.4,86.9,65.5,6.4,4.4,7.3,6.3
GHCND:USC00427606,SALT LAKE TRIAD CENTER UT US,20100630,76.5,21.4,87.2,65.7,6.4,4.4,7.2,6.2
GHCND:USC00427606,SALT LAKE TRIAD CENTER UT US,20100701,76.8,21.5,87.5,66,6.3,4.4,7.1,6.2
GHCND:USC00427606,SALT LAKE TRIAD CENTER UT US,20100702,77,21.5,87.8,66.3,6.2,4.3,7,6.1
GHCND:USC00427606,SALT LAKE TRIAD CENTER UT US,20100703,77.3,21.5,88,66.6,6.1,4.3,6.9,6
GHCND:USC00427606,SALT LAKE TRIAD CENTER UT US,20100704,77.6,21.5,88.3,66.8,6,4.2,6.8,6
GHCND:USC00427606,SALT LAKE TRIAD CENTER UT US,20100705,77.8,21.5,88.6,67.1,5.9,4.2,6.7,5.9
GHCND:USC00427606,SALT LAKE TRIAD CENTER UT US,20100706,78.1,21.5,88.8,67.3,5.9,4.2,6.6,5.8
GHCND:USC00427606,SALT LAKE TRIAD CENTER UT US,20100707,78.3,21.5,89.1,67.6,5.8,4.1,6.5,5.7
GHCND:USC00427606,SALT LAKE TRIAD CENTER UT US,20100708,78.5,21.5,89.3,67.8,5.7,4.1,6.4,5.7
GHCND:USC00427606,SALT LAKE TRIAD CENTER UT US,20100709,78.8,21.5,89.5,68,5.6,4.1,6.3,5.6
GHCND:USC00427606,SALT LAKE TRIAD CENTER UT US,20100710,79,21.6,89.7,68.2,5.5,4,6.3,5.5
GHCND:USC00427606,SALT LAKE TRIAD CENTER UT US,20100711,79.2,21.6,89.9,68.4,5.4,4,6.2,5.5
GHCND:USC00427606,SALT LAKE TRIAD CENTER UT US,20100712,79.3,21.6,90.1,68.5,5.4,4,6.1,5.4
GHCND:USC00427606,SALT LAKE TRIAD CENTER UT US,20100713,79.5,21.6,90.3,68.7,5.3,4,6,5.3
GHCND:USC00427606,SALT LAKE TRIAD CENTER UT US,20100714,79.7,21.6,90.5,68.8,5.2,3.9,5.9,5.2
GHCND:USC00427606,SALT LAKE TRIAD CENTER UT US,20100715,79.8,21.7,90.6,69,5.1,3.9,5.8,5.2
GHCND:USC00427606,SALT LAKE TRIAD CENTER UT US,20100716,79.9,21.7,90.8,69.1,5.1,3.9,5.8,5.1
GHCND:USC00427606,SALT LAKE TRIAD CENTER UT US,20100717,80.1,21.7,90.9,69.2,5,3.9,5.7,5.1
GHCND:USC00427606,SALT LAKE TRIAD CENTER UT US,20100718,80.2,21.7,91,69.3,4.9,3.9,5.7,5
GHCND:USC00427606,SALT LAKE TRIAD CENTER UT US,20100719,80.3,21.8,91.1,69.4,4.9,3.9,5.6,5
GHCND:USC00427606,SALT LAKE TRIAD CENTER UT US,20100720,80.3,21.8,91.2,69.5,4.8,3.9,5.6,4.9
GHCND:USC00427606,SALT LAKE TRIAD CENTER UT US,20100721,80.4,21.8,91.3,69.5,4.8,3.9,5.5,4.9
GHCND:USC00427606,SALT LAKE TRIAD CENTER UT US,20100722,80.5,21.8,91.4,69.6,4.7,3.9,5.5,4.8
GHCND:USC00427606,SALT LAKE TRIAD CENTER UT US,20100723,80.5,21.8,91.4,69.6,4.7,3.9,5.4,4.8
GHCND:USC00427606,SALT LAKE TRIAD CENTER UT US,20100724,80.5,21.9,91.5,69.6,4.7,3.9,5.4,4.8
GHCND:USC00427606,SALT LAKE TRIAD CENTER UT US,20100725,80.6,21.9,91.5,69.6,4.6,3.9,5.4,4.8
GHCND:USC00427606,SALT LAKE TRIAD CENTER UT US,20100726,80.6,21.9,91.5,69.6,4.6,3.9,5.3,4.7
GHCND:USC00427606,SALT LAKE TRIAD CENTER UT US,20100727,80.6,21.9,91.5,69.6,4.6,3.9,5.3,4.7
GHCND:USC00427606,SALT LAKE TRIAD CENTER UT US,20100728,80.5,21.9,91.5,69.6,4.6,4,5.3,4.7
GHCND:USC00427606,SALT LAKE TRIAD CENTER UT US,20100729,80.5,21.9,91.5,69.5,4.5,4,5.3,4.7
GHCND:USC00427606,SALT LAKE TRIAD CENTER UT US,20100730,80.5,22,91.4,69.5,4.5,4,5.2,4.7
GHCND:USC00427606,SALT LAKE TRIAD CENTER UT US,20100731,80.4,22,91.4,69.4,4.5,4,5.2,4.8
GHCND:USC00427606,SALT LAKE TRIAD CENTER UT US,20100801,80.3,22,91.3,69.3,4.5,4,5.2,4.8
GHCND:USC00427606,SALT LAKE TRIAD CENTER UT US,20100802,80.2,22,91.2,69.3,4.5,4,5.1,4.8
GHCND:USC00427606,SALT LAKE TRIAD CENTER UT US,20100803,80.2,22,91.1,69.2,4.5,4,5.1,4.8
GHCND:USC00427606,SALT LAKE TRIAD CENTER UT US,20100804,80.1,22,91,69.1,4.5,4,5.1,4.8
GHCND:USC00427606,SALT LAKE TRIAD CENTER UT US,20100805,79.9,22,90.9,69,4.5,4,5.1,4.8
GHCND:USC00427606,SALT LAKE TRIAD CENTER UT US,20100806,79.8,21.9,90.8,68.8,4.5,4,5.1,4.8
GHCND:USC00427606,SALT LAKE TRIAD CENTER UT US,20100807,79.7,21.9,90.6,68.7,4.5,4,5.1,4.9
GHCND:USC00427606,SALT LAKE TRIAD CENTER UT US,20100808,79.5,21.9,90.5,68.6,4.5,4,5.1,4.9
GHCND:USC00427606,SALT LAKE TRIAD CENTER UT US,20100809,79.4,21.9,90.3,68.4,4.5,4,5.1,4.9
GHCND:USC00427606,SALT LAKE TRIAD CENTER UT US,20100810,79.2,21.9,90.1,68.3,4.6,4.1,5.1,5
GHCND:USC00427606,SALT LAKE TRIAD CENTER UT US,20100811,79,21.8,90,68.1,4.6,4.1,5.1,5
GHCND:USC00427606,SALT LAKE TRIAD CENTER UT US,20100812,78.9,21.8,89.8,67.9,4.6,4.1,5.1,5
GHCND:USC00427606,SALT LAKE TRIAD CENTER UT US,20100813,78.7,21.8,89.6,67.8,4.6,4.1,5.1,5
GHCND:USC00427606,SALT LAKE TRIAD CENTER UT US,20100814,78.5,21.7,89.3,67.6,4.6,4.1,5.1,5.1
GHCND:USC00427606,SALT LAKE TRIAD CENTER UT US,20100815,78.3,21.7,89.1,67.4,4.7,4.1,5.1,5.1
GHCND:USC00427606,SALT LAKE TRIAD CENTER UT US,20100816,78,21.7,88.9,67.2,4.7,4.1,5.2,5.2
GHCND:USC00427606,SALT LAKE TRIAD CENTER UT US,20100817,77.8,21.6,88.6,67,4.7,4.1,5.2,5.2
GHCND:USC00427606,SALT LAKE TRIAD CENTER UT US,20100818,77.6,21.6,88.4,66.8,4.8,4.1,5.2,5.2
GHCND:USC00427606,SALT LAKE TRIAD CENTER UT US,20100819,77.3,21.5,88.1,66.6,4.8,4.1,5.2,5.3
GHCND:USC00427606,SALT LAKE TRIAD CENTER UT US,20100820,77.1,21.5,87.8,66.3,4.9,4.1,5.3,5.3
GHCND:USC00427606,SALT LAKE TRIAD CENTER UT US,20100821,76.8,21.4,87.5,66.1,4.9,4.1,5.3,5.3
GHCND:USC00427606,SALT LAKE TRIAD CENTER UT US,20100822,76.6,21.4,87.3,65.9,4.9,4.1,5.3,5.4
GHCND:USC00427606,SALT LAKE TRIAD CENTER UT US,20100823,76.3,21.4,87,65.6,5,4.1,5.4,5.4
GHCND:USC00427606,SALT LAKE TRIAD CENTER UT US,20100824,76,21.3,86.7,65.3,5,4.2,5.5,5.4
GHCND:USC00427606,SALT LAKE TRIAD CENTER UT US,20100825,75.7,21.3,86.3,65.1,5.1,4.2,5.5,5.5
GHCND:USC00427606,SALT LAKE TRIAD CENTER UT US,20100826,75.4,21.2,86,64.8,5.2,4.2,5.6,5.5
GHCND:USC00427606,SALT LAKE TRIAD CENTER UT US,20100827,75.1,21.2,85.7,64.5,5.2,4.2,5.7,5.6
GHCND:USC00427606,SALT LAKE TRIAD CENTER UT US,20100828,74.8,21.1,85.4,64.2,5.3,4.2,5.8,5.7
GHCND:USC00427606,SALT LAKE TRIAD CENTER UT US,20100829,74.5,21.1,85,64,5.4,4.2,5.9,5.7
GHCND:USC00427606,SALT LAKE TRIAD CENTER UT US,20100830,74.2,21,84.7,63.7,5.5,4.2,6,5.8
GHCND:USC00427606,SALT LAKE TRIAD CENTER UT US,20100831,73.8,21,84.4,63.3,5.6,4.3,6.1,5.8
GHCND:USC00427606,SALT LAKE TRIAD CENTER UT US,20100901,73.5,21,84,63,5.7,4.3,6.2,5.9
GHCND:USC00427606,SALT LAKE TRIAD CENTER UT US,20100902,73.2,20.9,83.6,62.7,5.7,4.3,6.3,5.9
GHCND:USC00427606,SALT LAKE TRIAD CENTER UT US,20100903,72.8,20.9,83.3,62.4,5.8,4.4,6.4,6
GHCND:USC00427606,SALT LAKE TRIAD CENTER UT US,20100904,72.5,20.9,82.9,62,5.8,4.4,6.5,6
GHCND:USC00427606,SALT LAKE TRIAD CENTER UT US,20100905,72.1,20.8,82.5,61.7,5.9,4.4,6.6,6.1
GHCND:USC00427606,SALT LAKE TRIAD CENTER UT US,20100906,71.8,20.8,82.2,61.3,6,4.5,6.7,6.1
GHCND:USC00427606,SALT LAKE TRIAD CENTER UT US,20100907,71.4,20.8,81.8,61,6,4.5,6.8,6.2
GHCND:USC00427606,SALT LAKE TRIAD CENTER UT US,20100908,71,20.8,81.4,60.6,6.1,4.5,6.9,6.2
GHCND:USC00427606,SALT LAKE TRIAD CENTER UT US,20100909,70.6,20.8,81,60.2,6.2,4.5,7,6.3
GHCND:USC00427606,SALT LAKE TRIAD CENTER UT US,20100910,70.2,20.7,80.6,59.9,6.2,4.6,7.1,6.3
GHCND:USC00427606,SALT LAKE TRIAD CENTER UT US,20100911,69.9,20.7,80.2,59.5,6.3,4.6,7.2,6.4
GHCND:USC00427606,SALT LAKE TRIAD CENTER UT US,20100912,69.5,20.7,79.8,59.1,6.3,4.6,7.3,6.4
GHCND:USC00427606,SALT LAKE TRIAD CENTER UT US,20100913,69.1,20.7,79.4,58.7,6.4,4.6,7.3,6.4
GHCND:USC00427606,SALT LAKE TRIAD CENTER UT US,20100914,68.7,20.7,79,58.3,6.4,4.6,7.4,6.4
GHCND:USC00427606,SALT LAKE TRIAD CENTER UT US,20100915,68.3,20.7,78.6,57.9,6.5,4.7,7.5,6.4
GHCND:USC00427606,SALT LAKE TRIAD CENTER UT US,20100916,67.9,20.7,78.2,57.5,6.6,4.7,7.6,6.5
GHCND:USC00427606,SALT LAKE TRIAD CENTER UT US,20100917,67.4,20.7,77.8,57.1,6.6,4.7,7.7,6.5
GHCND:USC00427606,SALT LAKE TRIAD CENTER UT US,20100918,67,20.7,77.4,56.7,6.7,4.8,7.8,6.5
GHCND:USC00427606,SALT LAKE TRIAD CENTER UT US,20100919,66.6,20.7,76.9,56.3,6.8,4.8,7.9,6.6
GHCND:USC00427606,SALT LAKE TRIAD CENTER UT US,20100920,66.2,20.7,76.5,55.9,6.8,4.8,8,6.6
GHCND:USC00427606,SALT LAKE TRIAD CENTER UT US,20100921,65.8,20.6,76.1,55.5,6.9,4.8,8.1,6.6
GHCND:USC00427606,SALT LAKE TRIAD CENTER UT US,20100922,65.4,20.6,75.7,55,6.9,4.9,8.2,6.6
GHCND:USC00427606,SALT LAKE TRIAD CENTER UT US,20100923,64.9,20.6,75.3,54.6,7,4.9,8.2,6.7
GHCND:USC00427606,SALT LAKE TRIAD CENTER UT US,20100924,64.5,20.6,74.8,54.2,7,4.9,8.3,6.7
GHCND:USC00427606,SALT LAKE TRIAD CENTER UT US,20100925,64.1,20.6,74.4,53.8,7,5,8.3,6.7
GHCND:USC00427606,SALT LAKE TRIAD CENTER UT US,20100926,63.7,20.6,74,53.4,7,5,8.4,6.7
GHCND:USC00427606,SALT LAKE TRIAD CENTER UT US,20100927,63.3,20.6,73.5,53,7.1,5,8.4,6.6
GHCND:USC00427606,SALT LAKE TRIAD CENTER UT US,20100928,62.8,20.5,73.1,52.6,7.1,5,8.5,6.6
GHCND:USC00427606,SALT LAKE TRIAD CENTER UT US,20100929,62.4,20.5,72.7,52.2,7.1,5.1,8.5,6.6
GHCND:USC00427606,SALT LAKE TRIAD CENTER UT US,20100930,62,20.5,72.2,51.8,7.1,5.1,8.5,6.6
GHCND:USC00427606,SALT LAKE TRIAD CENTER UT US,20101001,61.6,20.4,71.8,51.4,7.1,5.1,8.5,6.6
GHCND:USC00427606,SALT LAKE TRIAD CENTER UT US,20101002,61.2,20.4,71.4,51,7.1,5.1,8.6,6.6
GHCND:USC00427606,SALT LAKE TRIAD CENTER UT US,20101003,60.8,20.3,70.9,50.6,7.1,5.1,8.6,6.6
GHCND:USC00427606,SALT LAKE TRIAD CENTER UT US,20101004,60.4,20.3,70.5,50.2,7.1,5.1,8.6,6.6
GHCND:USC00427606,SALT LAKE TRIAD CENTER UT US,20101005,59.9,20.2,70,49.8,7.1,5.1,8.6,6.6
GHCND:USC00427606,SALT LAKE TRIAD CENTER UT US,20101006,59.5,20.1,69.6,49.5,7.1,5.1,8.6,6.6
GHCND:USC00427606,SALT LAKE TRIAD CENTER UT US,20101007,59.1,20.1,69.2,49.1,7.1,5.1,8.6,6.5
GHCND:USC00427606,SALT LAKE TRIAD CENTER UT US,20101008,58.7,20,68.7,48.7,7.1,5.1,8.6,6.5
GHCND:USC00427606,SALT LAKE TRIAD CENTER UT US,20101009,58.3,19.9,68.3,48.4,7.2,5.1,8.6,6.5
GHCND:USC00427606,SALT LAKE TRIAD CENTER UT US,20101010,57.9,19.8,67.8,48,7.2,5.1,8.6,6.5
GHCND:USC00427606,SALT LAKE TRIAD CENTER UT US,20101011,57.5,19.7,67.4,47.7,7.2,5.1,8.7,6.6
GHCND:USC00427606,SALT LAKE TRIAD CENTER UT US,20101012,57.1,19.6,66.9,47.3,7.2,5.1,8.7,6.6
GHCND:USC00427606,SALT LAKE TRIAD CENTER UT US,20101013,56.7,19.5,66.5,47,7.3,5.1,8.7,6.6
GHCND:USC00427606,SALT LAKE TRIAD CENTER UT US,20101014,56.3,19.4,66,46.6,7.3,5.1,8.7,6.6
GHCND:USC00427606,SALT LAKE TRIAD CENTER UT US,20101015,55.9,19.2,65.5,46.3,7.3,5.1,8.7,6.7
GHCND:USC00427606,SALT LAKE TRIAD CENTER UT US,20101016,55.5,19.1,65.1,46,7.3,5,8.7,6.7
GHCND:USC00427606,SALT LAKE TRIAD CENTER UT US,20101017,55.1,19,64.6,45.7,7.3,5,8.7,6.7
GHCND:USC00427606,SALT LAKE TRIAD CENTER UT US,20101018,54.7,18.8,64.2,45.3,7.4,5,8.7,6.7
GHCND:USC00427606,SALT LAKE TRIAD CENTER UT US,20101019,54.4,18.7,63.7,45,7.4,5,8.7,6.8
GHCND:USC00427606,SALT LAKE TRIAD CENTER UT US,20101020,54,18.5,63.2,44.7,7.4,5,8.7,6.8
GHCND:USC00427606,SALT LAKE TRIAD CENTER UT US,20101021,53.6,18.4,62.7,44.4,7.4,4.9,8.7,6.8
GHCND:USC00427606,SALT LAKE TRIAD CENTER UT US,20101022,53.2,18.2,62.3,44.1,7.4,4.9,8.7,6.8
GHCND:USC00427606,SALT LAKE TRIAD CENTER UT US,20101023,52.8,18,61.8,43.7,7.4,4.9,8.7,6.9
GHCND:USC00427606,SALT LAKE TRIAD CENTER UT US,20101024,52.4,17.9,61.3,43.4,7.4,4.9,8.7,6.9
GHCND:USC00427606,SALT LAKE TRIAD CENTER UT US,20101025,52,17.7,60.8,43.1,7.4,4.9,8.7,6.9
GHCND:USC00427606,SALT LAKE TRIAD CENTER UT US,20101026,51.6,17.5,60.3,42.8,7.4,4.9,8.7,6.9
GHCND:USC00427606,SALT LAKE TRIAD CENTER UT US,20101027,51.2,17.4,59.9,42.5,7.5,4.8,8.7,6.9
GHCND:USC00427606,SALT LAKE TRIAD CENTER UT US,20101028,50.8,17.2,59.4,42.2,7.5,4.8,8.7,6.9
GHCND:USC00427606,SALT LAKE TRIAD CENTER UT US,20101029,50.4,17,58.9,41.9,7.5,4.8,8.7,6.9
GHCND:USC00427606,SALT LAKE TRIAD CENTER UT US,20101030,50,16.8,58.4,41.5,7.5,4.8,8.7,6.9
GHCND:USC00427606,SALT LAKE TRIAD CENTER UT US,20101031,49.5,16.7,57.9,41.2,7.5,4.8,8.7,6.9
GHCND:USC00427606,SALT LAKE TRIAD CENTER UT US,20101101,49.1,16.5,57.4,40.9,7.5,4.8,8.8,6.9
GHCND:USC00427606,SALT LAKE TRIAD CENTER UT US,20101102,48.7,16.3,56.9,40.6,7.5,4.8,8.8,6.9
GHCND:USC00427606,SALT LAKE TRIAD CENTER UT US,20101103,48.3,16.2,56.4,40.2,7.6,4.8,8.8,7
GHCND:USC00427606,SALT LAKE TRIAD CENTER UT US,20101104,47.9,16,55.9,39.9,7.6,4.8,8.9,7
GHCND:USC00427606,SALT LAKE TRIAD CENTER UT US,20101105,47.5,15.8,55.4,39.6,7.7,4.8,8.9,7
GHCND:USC00427606,SALT LAKE TRIAD CENTER UT US,20101106,47,15.7,54.9,39.2,7.7,4.9,9,7.1
GHCND:USC00427606,SALT LAKE TRIAD CENTER UT US,20101107,46.6,15.5,54.4,38.9,7.7,4.9,9,7.1
GHCND:USC00427606,SALT LAKE TRIAD CENTER UT US,20101108,46.2,15.3,53.9,38.5,7.8,4.9,9.1,7.1
GHCND:USC00427606,SALT LAKE TRIAD CENTER UT US,20101109,45.8,15.2,53.4,38.2,7.8,4.9,9.1,7.1
GHCND:USC00427606,SALT LAKE TRIAD CENTER UT US,20101110,45.3,15,52.9,37.8,7.8,4.9,9.2,7.2
GHCND:USC00427606,SALT LAKE TRIAD CENTER UT US,20101111,44.9,14.9,52.4,37.5,7.9,4.9,9.2,7.2
GHCND:USC00427606,SALT LAKE TRIAD CENTER UT US,20101112,44.5,14.8,51.9,37.1,7.9,4.9,9.2,7.2
GHCND:USC00427606,SALT LAKE TRIAD CENTER UT US,20101113,44,14.6,51.4,36.7,7.9,4.9,9.3,7.3
GHCND:USC00427606,SALT LAKE TRIAD CENTER UT US,20101114,43.6,14.5,50.9,36.4,8,5,9.3,7.3
GHCND:USC00427606,SALT LAKE TRIAD CENTER UT US,20101115,43.2,14.4,50.4,36,8,5,9.3,7.3
GHCND:USC00427606,SALT LAKE TRIAD CENTER UT US,20101116,42.8,14.3,49.9,35.6,8,5,9.4,7.3
GHCND:USC00427606,SALT LAKE TRIAD CENTER UT US,20101117,42.3,14.1,49.4,35.3,8,5,9.4,7.3
GHCND:USC00427606,SALT LAKE TRIAD CENTER UT US,20101118,41.9,14,48.9,34.9,8,5,9.4,7.3
GHCND:USC00427606,SALT LAKE TRIAD CENTER UT US,20101119,41.5,13.9,48.5,34.5,8.1,5,9.4,7.4
GHCND:USC00427606,SALT LAKE TRIAD CENTER UT US,20101120,41.1,13.8,48,34.2,8.1,4.9,9.4,7.4
GHCND:USC00427606,SALT LAKE TRIAD CENTER UT US,20101121,40.7,13.7,47.5,33.8,8.1,4.9,9.4,7.4
GHCND:USC00427606,SALT LAKE TRIAD CENTER UT US,20101122,40.3,13.7,47.1,33.4,8.1,4.9,9.4,7.4
GHCND:USC00427606,SALT LAKE TRIAD CENTER UT US,20101123,39.9,13.6,46.6,33.1,8.1,4.9,9.4,7.4
GHCND:USC00427606,SALT LAKE TRIAD CENTER UT US,20101124,39.5,13.5,46.2,32.7,8.1,4.8,9.4,7.5
GHCND:USC00427606,SALT LAKE TRIAD CENTER UT US,20101125,39.1,13.4,45.8,32.4,8.2,4.8,9.4,7.5
GHCND:USC00427606,SALT LAKE TRIAD CENTER UT US,20101126,38.7,13.3,45.4,32,8.2,4.8,9.4,7.5
GHCND:USC00427606,SALT LAKE TRIAD CENTER UT US,20101127,38.3,13.3,45,31.7,8.1,4.7,9.4,7.5
GHCND:USC00427606,SALT LAKE TRIAD CENTER UT US,20101128,38,13.2,44.6,31.3,8.1,4.7,9.3,7.5
GHCND:USC00427606,SALT LAKE TRIAD CENTER UT US,20101129,37.6,13.2,44.2,31,8.1,4.7,9.3,7.5
GHCND:USC00427606,SALT LAKE TRIAD CENTER UT US,20101130,37.2,13.1,43.8,30.7,8.1,4.6,9.2,7.5
GHCND:USC00427606,SALT LAKE TRIAD CENTER UT US,20101201,36.9,13.1,43.4,30.4,8.1,4.6,9.2,7.5
GHCND:USC00427606,SALT LAKE TRIAD CENTER UT US,20101202,36.6,13,43.1,30.1,8.1,4.5,9.1,7.5
GHCND:USC00427606,SALT LAKE TRIAD CENTER UT US,20101203,36.3,13,42.7,29.8,8,4.5,9.1,7.5
GHCND:USC00427606,SALT LAKE TRIAD CENTER UT US,20101204,36,12.9,42.4,29.5,8,4.4,9,7.5
GHCND:USC00427606,SALT LAKE TRIAD CENTER UT US,20101205,35.7,12.9,42.1,29.2,8,4.4,9,7.5
GHCND:USC00427606,SALT LAKE TRIAD CENTER UT US,20101206,35.4,12.8,41.8,29,7.9,4.3,8.9,7.5
GHCND:USC00427606,SALT LAKE TRIAD CENTER UT US,20101207,35.1,12.8,41.5,28.7,7.9,4.3,8.8,7.4
GHCND:USC00427606,SALT LAKE TRIAD CENTER UT US,20101208,34.8,12.8,41.2,28.5,7.9,4.2,8.7,7.4
GHCND:USC00427606,SALT LAKE TRIAD CENTER UT US,20101209,34.6,12.7,41,28.2,7.8,4.2,8.7,7.4
GHCND:USC00427606,SALT LAKE TRIAD CENTER UT US,20101210,34.4,12.7,40.7,28,7.8,4.2,8.6,7.5
GHCND:USC00427606,SALT LAKE TRIAD CENTER UT US,20101211,34.1,12.6,40.5,27.8,7.8,4.1,8.6,7.5
GHCND:USC00427606,SALT LAKE TRIAD CENTER UT US,20101212,33.9,12.6,40.2,27.6,7.8,4.1,8.5,7.5
GHCND:USC00427606,SALT LAKE TRIAD CENTER UT US,20101213,33.7,12.6,40,27.4,7.8,4.1,8.5,7.5
GHCND:USC00427606,SALT LAKE TRIAD CENTER UT US,20101214,33.5,12.5,39.8,27.3,7.8,4.1,8.5,7.6
GHCND:USC00427606,SALT LAKE TRIAD CENTER UT US,20101215,33.4,12.5,39.6,27.1,7.8,4.1,8.5,7.6
GHCND:USC00427606,SALT LAKE TRIAD CENTER UT US,20101216,33.2,12.5,39.4,27,7.8,4.1,8.5,7.6
GHCND:USC00427606,SALT LAKE TRIAD CENTER UT US,20101217,33.1,12.5,39.3,26.8,7.9,4.1,8.5,7.7
GHCND:USC00427606,SALT LAKE TRIAD CENTER UT US,20101218,32.9,12.4,39.1,26.7,7.9,4.1,8.5,7.7
GHCND:USC00427606,SALT LAKE TRIAD CENTER UT US,20101219,32.8,12.4,39,26.6,7.9,4.1,8.5,7.7
GHCND:USC00427606,SALT LAKE TRIAD CENTER UT US,20101220,32.7,12.4,38.8,26.5,7.9,4.1,8.5,7.7
GHCND:USC00427606,SALT LAKE TRIAD CENTER UT US,20101221,32.6,12.3,38.7,26.4,7.9,4.1,8.5,7.8
GHCND:USC00427606,SALT LAKE TRIAD CENTER UT US,20101222,32.5,12.3,38.6,26.3,7.9,4.1,8.5,7.8
GHCND:USC00427606,SALT LAKE TRIAD CENTER UT US,20101223,32.4,12.3,38.5,26.2,8,4.1,8.5,7.9
GHCND:USC00427606,SALT LAKE TRIAD CENTER UT US,20101224,32.3,12.2,38.4,26.2,8,4.2,8.6,7.9
GHCND:USC00427606,SALT LAKE TRIAD CENTER UT US,20101225,32.2,12.2,38.3,26.1,8,4.2,8.6,7.9
GHCND:USC00427606,SALT LAKE TRIAD CENTER UT US,20101226,32.2,12.2,38.2,26.1,8.1,4.2,8.7,8
GHCND:USC00427606,SALT LAKE TRIAD CENTER UT US,20101227,32.1,12.1,38.2,26,8.1,4.2,8.7,8
GHCND:USC00427606,SALT LAKE TRIAD CENTER UT US,20101228,32,12.1,38.1,26,8.2,4.3,8.8,8.1
GHCND:USC00427606,SALT LAKE TRIAD CENTER UT US,20101229,32,12.1,38.1,26,8.2,4.3,8.8,8.1
GHCND:USC00427606,SALT LAKE TRIAD CENTER UT US,20101230,32,12.1,38,25.9,8.2,4.3,8.8,8.1
GHCND:USC00427606,SALT LAKE TRIAD CENTER UT US,20101231,31.9,12,38,25.9,8.3,4.3,8.9,8.2